<?xml version="1.0" encoding="utf-8" ?>
<!-- Copyright (C) 2012 The Android Open Source Project

     Licensed under the Apache License, Version 2.0 (the "License");
     you may not use this file except in compliance with the License.
     You may obtain a copy of the License at

          http://www.apache.org/licenses/LICENSE-2.0

     Unless required by applicable law or agreed to in writing, software
     distributed under the License is distributed on an "AS IS" BASIS,
     WITHOUT WARRANTIES OR CONDITIONS OF ANY KIND, either express or implied.
     See the License for the specific language governing permissions and
     limitations under the License.
-->

<MediaCodecs>
    <Decoders>
        <MediaCodec name="OMX.sprd.soft.mpeg4.decoder" type="video/mp4v-es" />
        <MediaCodec name="OMX.sprd.soft.h263.decoder" type="video/3gpp" />
        <MediaCodec name="OMX.sprd.soft.h264.decoder" type="video/avc" />

        <MediaCodec name="OMX.sprd.mpeg4.decoder" type="video/mp4v-es">
            <Quirk name="requires-allocate-on-output-ports" />
            <Quirk name="needs-flush-before-disable" />
        </MediaCodec>

        <MediaCodec name="OMX.sprd.h263.decoder" type="video/3gpp">
            <Quirk name="requires-allocate-on-output-ports" />
            <Quirk name="needs-flush-before-disable" />
        </MediaCodec>

        <MediaCodec name="OMX.sprd.h264.decoder" type="video/avc">
            <Quirk name="requires-allocate-on-output-ports" />
            <Quirk name="needs-flush-before-disable" />
        </MediaCodec>

        <MediaCodec name="OMX.sprd.vpx.decoder" type="video/x-vnd.on2.vp8">
            <Quirk name="requires-allocate-on-output-ports" />
            <Quirk name="needs-flush-before-disable" />
        </MediaCodec>

        <MediaCodec name="OMX.sprd.mp3.decoder">
            <Type name="audio/mpeg" />
            <Type name="audio/mpeg-L1" />
            <Type name="audio/mpeg-L2" />
        </MediaCodec>

        <MediaCodec name="OMX.sprd.aac.decoder" type="audio/mp4a-latm" />
    </Decoders>

    <Encoders>
        <MediaCodec name="OMX.sprd.mpeg4.encoder" type="video/mp4v-es" />
        <MediaCodec name="OMX.sprd.h263.encoder" type="video/3gpp" />
        <MediaCodec name="OMX.sprd.h264.encoder" type="video/avc"/>
    </Encoders>

    <Include href="media_codecs_google_audio.xml" />
    <Include href="media_codecs_google_video_le.xml" />
    <Include href="media_codecs_google_telephony.xml" />
    <Include href="media_codecs_ffmpeg.xml" />
</MediaCodecs>
